1,"Need before board meeting.","mobile"
2,"Please set something up.","mobile"
3,"Is Cassandra there today?","mobile"
4,"If so he probably will have to pay back.","mobile"
5,"Surely we can cover this from within Virgo's team?","mobile"
6,"I think that we should enforce the agreement.","mobile"
7,"If he'll sign no issues with Barclays.","mobile"
8,"I'll probably page you.","mobile"
9,"I have received your messages and will respond accordingly.","mobile"
10,"OK I thought it was in Washington state.","mobile"
11,"I need your home cell or whatever.","mobile"
12,"Ava please put it on my calendar.","mobile"
13,"Hope you had a good weekend.","mobile"
14,"In isolation, all of these things are trivial.","mobile"
15,"I have rates and capacity utilization information ready.","mobile"
16,"I meant to try and explain, not to redo.","mobile"
17,"I think we are dong OK.","mobile"
18,"Let me know if I can be of help.","mobile"
19,"TXU is off, everyone else OK.","mobile"
20,"I'll call you when I get to the office.","mobile"
21,"Email the consent to me.","mobile"
22,"Who should I contact regarding severance?","mobile"
23,"No, at least not to my knowledge.","mobile"
24,"I will not make the meeting at 1 PM.","mobile"
25,"Will let you know how call goes in morning.","mobile"
26,"Boy, I couldn't write too much on this thing!","mobile"
27,"We are sitting in Weil's offices, waiting to negotiate.","mobile"
28,"Thanks for all you are doing.","mobile"
29,"Please pass along my thanks, though.","mobile"
30,"Thanks for your leadership on this issue.","mobile"
31,"How are we handling others in that group?","mobile"
32,"We probably have to discuss trade behavior and margin.","mobile"
33,"I thought it had gone to all of Enron.","mobile"
34,"Can you supplement the answer to the visa question?","mobile"
35,"I would like to discuss.","mobile"
36,"Mixed signals from APS today.","mobile"
37,"Check with Vince Strohmeyer.","mobile"
38,"Let Gary Smith know today if you want him.","mobile"
39,"Wasn't nearly as bad as I thought.","mobile"
40,"It will all be public someday.","mobile"
41,"Because there is traffic.","mobile"
42,"Lavo called it, never mind though.","mobile"
43,"Let me know if I miss anything.","mobile"
44,"I'm at the doctor's office, should be in later.","mobile"
45,"We are about to leave Heaven!","mobile"
46,"Are things better for you at home tonight?","mobile"
47,"Milly is a seller.","mobile"
48,"I'll ask, he just came by.","mobile"
49,"Just in case we haven't invited any of them.","mobile"
50,"Go ahead and notify.","mobile"
51,"Just bought out Toys R Us.","mobile"
52,"Please coordinate with him.","mobile"
53,"I'm leaving around noon tomorrow to catch a flight.","mobile"
54,"I would like it paid through I Buy It.","mobile"
55,"You are welcome in Palacios this weekend, of course.","mobile"
56,"Might include proposals with respect to Alaska.","mobile"
57,"I'm on a conference call.","mobile"
58,"We sold the UK business to AEP.","mobile"
59,"San Francisco was Interconnect meeting.","mobile"
60,"If lunch doesn't work then how about coffee?","mobile"
61,"The meteor shower was incredible last night.","mobile"
62,"The other figure is the top 15 contracts.","mobile"
63,"Can you get me the Calger letter done?","mobile"
64,"She is taking over Global Finance Legal.","mobile"
65,"Lynn, got to the office OK.","mobile"
66,"I think I'm OK.","mobile"
67,"Can you rough out a slide on rating agencies?","mobile"
68,"I think Tim wants to move quickly.","mobile"
69,"Presuming we can afford headcount?","mobile"
70,"I can be there within the hour.","mobile"
71,"It's still going on - quite boring though.","mobile"
72,"I'll send you minutes.","mobile"
73,"I would suggest you and Mark address this together.","mobile"
74,"And I can't turn my phone on.","mobile"
75,"Still waiting on decision.","mobile"
76,"We are in the process of making a change.","mobile"
77,"But I hope to see you at Kari's house.","mobile"
78,"Isn't that about the way it could happen?","mobile"
79,"I hope you went.","mobile"
80,"Thus have nothing to destroy.","mobile"
81,"So you're ignoring me.","mobile"
82,"We are working on this as we speak.","mobile"
83,"Still hustling to find dollars for the quarter end.","mobile"
84,"Just told them I thought it would be impossible.","mobile"
85,"My only constraint is Chad's soccer game at noon.","mobile"
86,"Jan, sorry for the inconvenience.","mobile"
87,"Nothing new from Mom.","mobile"
88,"I will if I want to.","mobile"
89,"You haven't seen 120 in some time.","mobile"
90,"Please send to Gary Smith.","mobile"
91,"Scotty and I will be in NYC.","mobile"
92,"I need to talk to Tom Carlton, their decision-maker.","mobile"
93,"Be back tomorrow and maybe we can visit.","mobile"
94,"Brian is working this.","mobile"
95,"I think these will be just fine.","mobile"
96,"See you in Enron House when I get back.","mobile"
97,"Maybe stuff we do more of next year.","mobile"
98,"We will sign tomorrow and fund Tuesday.","mobile"
99,"Shouldn't be too hard though.","mobile"
100,"We don't want to look bad to Dyn.","mobile"
101,"I thought you needed him to carry two people.","mobile"
102,"Got your back while you pick up wine.","mobile"
103,"Met with partners in San Francisco.","mobile"
104,"I'm not close enough right now to the discussion.","mobile"
105,"Has it been mentioned yet?","mobile"
106,"Does Friday at 10 work for you?","mobile"
107,"Wonder what next week will bring.","mobile"
108,"You just can't work without me can you?","mobile"
109,"I'll get with him by phone to confirm.","mobile"
110,"This is a most unfortunate news release.","mobile"
111,"Have you talked to Somerholder?","mobile"
112,"Hope that you have a great TG.","mobile"
113,"If possible, I'd like to get Amy's opinion.","mobile"
114,"How did they get onto our floor?","mobile"
115,"What is the shower at Patsy's for?","mobile"
116,"Remember blackberry doesn't work so well at home.","mobile"
117,"Let's have this meeting today or tonight.","mobile"
118,"I'll find someone to do it.","mobile"
119,"No obligation to pay.","mobile"
120,"Never mind, I already deleted it.","mobile"
121,"I heard it was at 5?","mobile"
122,"Confirmed with Mark Taylor.","mobile"
123,"Michael was great this AM.","mobile"
124,"I will handle this afternoon.","mobile"
125,"Marisa sent the invoices.","mobile"
126,"I am really not wanting to come back.","mobile"
127,"Very foggy this morning.","mobile"
128,"I didn't hear from Ginger this week.","mobile"
129,"I will call you Monday morning to discuss.","mobile"
130,"I am unavailable for the 1PM meeting.","mobile"
131,"Jane, what about this Thursday for lunch?","mobile"
132,"I might have something at the office.","mobile"
133,"A letter is being sent today.","mobile"
134,"I'm still in Dallas!","mobile"
135,"I am on a plane, sorry.","mobile"
136,"Let me know where you might be.","mobile"
137,"Also, regarding the cash flow from Canada.","mobile"
138,"If you need John speak up now.","mobile"
139,"We are somewhat emasculated bystanders.","mobile"
140,"It will probably be tomorrow.","mobile"
141,"FYI on the demand letter I signed earlier.","mobile"
142,"No problem Maria, please contact Rick.","mobile"
143,"We can work with it either way.","mobile"
144,"Yes I am coming twice.","mobile"
145,"Presumably so do you.","mobile"
146,"But I believe answer will be yes.","mobile"
147,"I have no personal transactions with any Enron entity.","mobile"
148,"I'll just have her call Tracy.","mobile"
149,"Thanks, I think we have taken care of this.","mobile"
150,"Fuel is retained in kind from the shippers.","mobile"
151,"There will be some better news later today","mobile"
152,"Couldn't risk the uncertainty.","mobile"
153,"I'm looking forward to the long weekend!","mobile"
154,"Do you want to eat lunch somewhere before?","mobile"
155,"Much better than carrying a laptop.","mobile"
156,"Would you please send runner to get this?","mobile"
157,"Thanks for your help in quickly setting this up.","mobile"
158,"I'm glad you are involved!","mobile"
159,"I appreciate you moving so quickly on this.","mobile"
160,"Probably need to check with HR group providing services.","mobile"
161,"On a comparative basis I can't justify more.","mobile"
162,"We haven't made that decision here though.","mobile"
163,"What is the status of the Pemex discussions?","mobile"
164,"Don't know how that happened.","mobile"
165,"Let me know if I can help.","mobile"
166,"Did he get a signing bonus?","mobile"
167,"I am now officially a Blackberry addict.","mobile"
168,"They may want to discuss with you.","mobile"
169,"Has Brian had his contract yet?","mobile"
170,"What information, if any, do we owe him?","mobile"
171,"Let's leave it until we get going.","mobile"
172,"No need to send to FL.","mobile"
173,"They have not issued an order yet.","mobile"
174,"Thanks so much for the message.","mobile"
175,"Thanks I needed that today!","mobile"
176,"Michael said his day was rotten.","mobile"
177,"Lynn checked with Fran and she told her coordinator.","mobile"
178,"I have already approved and forwarded.","mobile"
179,"We have lots of forks, etc.","mobile"
180,"Seems unusual to me.","mobile"
181,"I will call in 20 to 30 minutes.","mobile"
182,"In a couple of weeks.","mobile"
183,"We are all doing reasonably well, I think.","mobile"
184,"Thanks, having a good time.","mobile"
185,"John, please send this to Shelly.","mobile"
186,"We just pulled schedules from the web.","mobile"
187,"OK to make changes, change out original.","mobile"
188,"What does Hunter think?","mobile"
189,"I doubt that it is forecasted.","mobile"
190,"Chase back office and their restart plan updates individually.","mobile"
191,"The filing concerns various scheduling and balancing rules.","mobile"
192,"FYI, would she meet my requirements?","mobile"
193,"Budget allocation from Glisan has been postponed.","mobile"
194,"If so Whitt is done.","mobile"
195,"They are specifically concerned about the intercompany notes.","mobile"
196,"Right back at you.","mobile"
197,"Hopefully it cheered you up a bit.","mobile"
198,"Need anything from Target?","mobile"
199,"I think FMV is probably less than fifty.","mobile"
200,"Michael has his holiday performance.","mobile"
201,"Go for the dollars.","mobile"
202,"Man I don't want to get sick again.","mobile"
203,"Looking for some gift hints from you.","mobile"
204,"What did you and Ava decide to do?","mobile"
205,"We've already eliminated his speech therapy.","mobile"
206,"When things get speculative the language always gets scary.","mobile"
207,"I am staying at a Hotel.","mobile"
208,"Tax gave us the same feedback.","mobile"
209,"She was going to leave at 8 or 9.","mobile"
210,"Did you see Laura's message?","mobile"
211,"I vote for the latter.","mobile"
212,"Sheila please talk to Avashe.","mobile"
213,"We will keep trying.","mobile"
214,"I didn't think we had it.","mobile"
215,"One assistant and one HR associate.","mobile"
216,"Kind of like silent fireworks.","mobile"
217,"Will you come get me?","mobile"
218,"He doesn't want to give the trading positions.","mobile"
219,"Tonight is my anniversary.","mobile"
220,"Please leave it to Brian.","mobile"
221,"What period does the max rate assumption cover?","mobile"
222,"I forgot one person when we spoke on Friday.","mobile"
223,"Sure was good talking to you this AM.","mobile"
224,"Are you sure I don't need to be there?","mobile"
225,"Please respond if anyone has a different view.","mobile"
226,"Okay I'll go for a ticket.","mobile"
227,"Coal switching to NG and power guys stimulating demand.","mobile"
228,"The meeting was very beneficial.","mobile"
229,"I will review them on Monday.","mobile"
230,"We will address tomorrow with Stan.","mobile"
231,"Good to know it exists.","mobile"
232,"Best of luck and stay in touch.","mobile"
233,"You can reply via email.","mobile"
234,"When do you have to be there?","mobile"
235,"November 14 works for me.","mobile"
236,"Jim please confirm to Vince you are happy.","mobile"
237,"Sorry to keep you in suspense!","mobile"
238,"Jordan is taking her last job, corporate development.","mobile"
239,"I had a last minute meeting come up.","mobile"
240,"Thanks - that's what I was hoping it was.","mobile"
241,"Lisa now has everything.","mobile"
242,"Barry, hope that you had a great Christmas.","mobile"
243,"Call me anytime for information.","mobile"
244,"Evaluating a lease offer on Sonoran project.","mobile"
245,"I will not be available.","mobile"
246,"I decided that I am going to stay here!","mobile"
247,"I like Nick and Everett.","mobile"
248,"I will tell them.","mobile"
249,"I am out of town on business.","mobile"
250,"I'm taking Wednesday off.","mobile"
251,"How would you explain the difference between the two?","mobile"
252,"We haven't sold the US business as yet.","mobile"
253,"I know several who work there.","mobile"
254,"Interesting, are you around for a late lunch?","mobile"
255,"She is a Baylor graduate and is very nice.","mobile"
256,"What a crazy day.","mobile"
257,"I spoke with Lara Robinson this morning.","mobile"
258,"If Motley is in we are out of money.","mobile"
259,"I'll presume it is dead until I hear otherwise.","mobile"
260,"I'm still in FW.","mobile"
261,"I'll email her later tonight.","mobile"
262,"Contact Lisa Mellencamp on any issues regarding pending litigation.","mobile"
263,"These are big storms and traffic isn't moving.","mobile"
264,"That is not true.","mobile"
265,"Chad thought we were on a treasure hunt.","mobile"
266,"I'll give it to you tomorrow.","mobile"
267,"He is pretty tapped into it all.","mobile"
268,"I think that Pam Butler called him.","mobile"
269,"Out of office but have people working on info.","mobile"
270,"I'll come have a beer with you guys later.","mobile"
271,"I need to go to Stan's office.","mobile"
272,"We are proceeding with a great reception so far.","mobile"
273,"Nothing but good news everyday.","mobile"
274,"You snooze, you lose!","mobile"
275,"I am out of town until Friday.","mobile"
276,"No sign of Chuck and not responding to messages.","mobile"
277,"The rest is a byproduct of slapshot.","mobile"
278,"Not like you'll get paid for it.","mobile"
279,"I don't know that I will be back Monday.","mobile"
280,"I spoke with Greg.","mobile"
281,"I encourage each of you to attend or tune in tomorrow.","email"
282,"Our numbers are correct in the system now.","email"
283,"I want to remind you about our All-Employee Meeting this Tuesday, Oct.","email"
284,"David, Cindy and Mary will each report to the Office of the Chairman.","email"
285,"She is most familiar with our computer systems.","email"
286,"It looks like there are three new demand charges.","email"
287,"Appointing Jeff as CFO is one important step in that process.","email"
288,"When I do, we will eat.","email"
289,"I can't tell you when he'll be back.","email"
290,"His current status is day to day.","email"
291,"Bob, I'll pick San Diego as my winner.","email"
292,"I just finished faxing everything.","email"
293,"Here's your Gas Daily pricing.","email"
294,"Our schedule now calls for critical communication in the afternoons.","email"
295,"The team feels confident that Martin will be available.","email"
296,"At least then one person in Denver would be able to get in.","email"
297,"I'll bug Holloway and let you know what he says.","email"
298,"Come join the fun.","email"
299,"Theresa, don't worry about it.","email"
300,"He will be evaluated on a day to day basis.","email"
301,"Doug Chapman will likely get the start in Bennett s absence.","email"
302,"No, just Thursday and Friday of this week.","email"
303,"Giants due to an ankle injury.","email"
304,"Ladies, I am finished with July 01 and everything ties.","email"
305,"Please accept my apology.","email"
306,"Let me know if you have any questions.","email"
307,"It is definitely time to give up on the disappointing wideout.","email"
308,"We will be bringing in lunch and I need to know how many to order?","email"
309,"Reggie Wayne will start in Pathon's place once again.","email"
310,"It's just very confusing at first.","email"
311,"The reserve wideout is day-to-day.","email"
312,"We'll tell you who has the edge.","email"
313,"It would be wise to keep him inactive until he is effective in a game.","email"
314,"Now go get washed up for dinner.","email"
315,"The Jets will try to control the ball and the clock against the Rams.","email"
316,"They appear to be coming out of Unify, but I cannot see them.","email"
317,"For safety reasons, the turkey will be carved in a private ceremony.","email"
318,"I thought you left to go get breakfast.","email"
319,"2nd since so many people are out of the office until then.","email"
320,"Kelly,I'm gonna be early this week.","email"
321,"However, he is expected to play in this week's game.","email"
322,"That s all I have to say.","email"
323,"I think Citation should be good now.","email"
324,"I hope that you find these communications informative.","email"
325,"Amy will no longer be here so I will be the only one working on this.","email"
326,"I cannot figure out where these prices are coming from.","email"
327,"Have a safe trip!","email"
328,"John is out today, but will be back in the office tomorrow.","email"
329,"I would assume this week sometime.","email"
330,"She probably won't come next year either.","email"
331,"Jeff, attached is my resume.","email"
332,"Don't bother to start him.","email"
333,"The big tight end has no real value as a Fantasy player.","email"
334,"For those of you that have not signed up, please join us for the Walk.","email"
335,"Do not send small, unsuspecting children to check on my progress.","email"
336,"Jets secondary on Sunday.","email"
337,"Thank you again for the evening.","email"
338,"Let me know if there are any other problems with this.","email"
339,"I haven't seen it yet.","email"
340,"Martha Stewart will not be dining with us this Thanksgiving.","email"
341,"This is not a good situation to be in without a contract.","email"
342,"I know he's working on it.","email"
343,"Ruth, here is an estimated November purchase.","email"
344,"Bob, I'll take Oakland as my winner this week.","email"
345,"I think that will help.","email"
346,"Let me know if you see any problems with this.","email"
347,"Show your friends how much you care.","email"
348,"Please let me know.","email"
349,"Theresa, I changed the CIG fuel rate to.","email"
350,"Louis despite the return of Drew Bledsoe.","email"
351,"It's kind of fun to see an old rivalry back again.","email"
352,"That would be a fitting memorial to those who died.","email"
353,"Although we are sending this e-mail to you, SportsLine.","email"
354,"I will get the gathering to Gloria tomorrow.","email"
355,"I will try and find out.","email"
356,"Mom, that sounds fine to me.","email"
357,"The earliest the Jets expect him to return is Dec.","email"
358,"You must therefore take full responsibility for virus checking.","email"
359,"It doesn't match your spreadsheet.","email"
360,"Look for this trend to continue when he faces the San Diego.","email"
361,"Any other use is expressly prohibited.","email"
362,"If your reasonable, I'll bereasonable.","email"
363,"Brady only has five catches this season.","email"
364,"This event will be a blast.","email"
365,"Expect much better numbers on James  home turf this week.","email"
366,"Expect him to be the Bears featured back for the rest of the year.","email"
367,"Let me know if you do not hear from them in the next couple of days.","email"
368,"However, he warrants no real Fantasy consideration at this point.","email"
369,"ENA is not purchasing Westport's gas at this time.","email"
370,"In a separate room, next door.","email"
371,"You have 6 active players at position WR.","email"
372,"He won't be too productive if he does play.","email"
373,"Your best bet is to drop him and go after another.","email"
374,"I will be taking the first week in December off, though.","email"
375,"Bob,I'll take Denver to Win.","email"
376,"Do you have that information yet?","email"
377,"I wouldn't worry about coming in today.","email"
378,"Talk to you later.","email"
379,"I'm trying to get them billed before the holidays.","email"
380,"We had a great time!","email"
381,"Mark, Susan said to go ahead and expense the cell phones.","email"
382,"Fares shown are roundtrip.","email"
383,"The sooner I get this, the sooner we can get this implemented.","email"
384,"I hope everything worked out okay with your rent.","email"
385,"Megan, I'm a little too quick for myself.","email"
386,"Valerie, the prices look fine in Sitara.","email"
387,"He is expected to play when the Browns return to action next week.","email"
388,"Let's think out of the box.","email"
389,"One of the Hottest Gifts for Holiday 2001.","email"
390,"Zou, I hope you had a good flight back to Texas.","email"
391,"He disputed reports that Wheatley would be out four weeks.","email"
392,"Very truly yours, Acme Costume Co.","email"
393,"He is expected to play in Sunday's game and is listed as probable.","email"
394,"Look for McCardell to play well this week and catch a lot of passes.","email"
395,"I just want to make sure we're both on the same schedule.","email"
396,"I hope this answers your question.","email"
397,"Louis defensive backs should be able to match his downfield speed.","email"
398,"Neither player is going to be a clear-cut starter this week.","email"
399,"And maybe for too long we've been underestimating ourselves.","email"
400,"I'm telling you in advance, so don't act surprised.","email"
401,"Rookie Kevin Swayne will move into the starting lineup.","email"
402,"Tiger Woods is set to answer your questions.","email"
403,"I hope this is the last revision for September.","email"
404,"Feel free to use Robinson if he doesn't suffer a setback.","email"
405,"Look for him to throw for over 200 yards and a score.","email"
406,"He can be explosive, but he is also erratic.","email"
407,"This method can be used on individual folders as well.","email"
408,"Thanks for sending this.","email"
409,"I know you changed it.","email"
410,"Drop him unless you play in a keeper league.","email"
411,"I'll give him 10.","email"
412,"I wouldn't say I'm 100 percent but I'm darn close.","email"
413,"Houston time at the Hyatt Regency.","email"
414,"Let me know if this is possible or where else I might find these.","email"
415,"This transaction is expected to close next year.","email"
416,"Thanks for keeping your eyes out there on our stuff!","email"
417,"Avoid starting either back in Week 10 if at all possible.","email"
418,"Giants, but he didn't finish it.","email"
419,"Theresa, I hope he liked it.","email"
420,"Watch for more details, coming soon.","email"
421,"However, Jeffers is too risky to start from a Fantasy perspective.","email"
422,"Between 0 and 4 are allowed.","email"
423,"Mike got himself a bamboo needle.","email"
424,"We cleaned him up as well as we could.","email"
425,"Then there's the Palm?","email"
426,"He is already on the job and hard at work on the issues before us.","email"
427,"His return date is unclear.","email"
428,"Sorry it took so long.","email"
429,"As soon as I get it - I'll forward it to you.","email"
430,"Miami has a bye, so McKnight is obviously not an option.","email"
431,"Valerie, I should have Greeley on Monday for August.","email"
432,"Have not added Westport on yet.","email"
433,"Your fax was busy for a while.","email"
434,"Task has to be completed.","email"
435,"Your prompt attention is appreciated.","email"
436,"The reserve receiver is expected to see a specialist this week.","email"
437,"He was replaced by Kent Graham.","email"
438,"We are going to send some money to a fund to help the victims.","email"
439,"Louis featured back this weekend against the N.","email"
440,"We are down to 3 employees here in Denver.","email"
441,"He did not return to the game, and is listed as day to day.","email"
442,"He agrees that they are not showing the correct equation.","email"
443,"I have 2 different ones.","email"
444,"Reserve Heap on your roster this week.","email"
445,"You're down by 5 and need to score in 4 plays or less.","email"
446,"Theresa - Please resend.","email"
447,"I wanted to get all of this out of the way before my move.","email"
448,"Weinke could have a big game.","email"
449,"I'll send you a check.","email"
450,"As usual, I will be as candid as I can.","email"
451,"Please call me if you have any questions.","email"
452,"We hope you found this information useful.","email"
453,"Here it is again in case you didn't receive it.","email"
454,"Thomas has no real value as a Fantasy player.","email"
455,"See what concerts we have for you in your city.","email"
456,"For those of you who have not paid please get your money to me soon.","email"
457,"I will bring the pillow back tomorrow and get with you then.","email"
458,"He is expected to play in this week's game.","email"
459,"Thank you for your support.","email"
460,"I hadn't done that for a while - too busy, I guess.","email"
461,"Davis was listed as questionable on the weekly injury report.","email"
462,"The phones should be on now.","email"
463,"We don't recommend McNair this week as a result.","email"
464,"I'll get busy now and hopefully email you later today.","email"
465,"Upon returning to the U.","email"
466,"Treatment options consist of rest, an injection, or surgery.","email"
467,"Please re-draft and let me know if there are further discrepancies.","email"
468,"There is no average.","email"
469,"We'd suggest playing Brady, who will start against.","email"
470,"Please let me know if you have any questions.","email"
471,"I want to compare the two.","email"
472,"I have a touch of food poisoning this morning but I may be in later.","email"
473,"I'll take up my problem with weak Scott H.","email"
474,"I would like to be on the list if possible.","email"
475,"I am too, and we are working very hard to turn it around.","email"
476,"The team mate says were not interested at this point.","email"
477,"Let me know either way.","email"
478,"Or let's get creative.","email"
479,"Please look over and let me know.","email"
480,"I'm not sure if they are issuing any wires at this time.","email"
481,"Do you have it yet?","email"
482,"You have 15 active players.","email"
483,"Thanks for all the email.","email"
484,"We'll let you know in the morning if we are interested or not.","email"
485,"I'm working on your other emails next.","email"
486,"I short paid the August invoice.","email"
487,"The only other potential office is EOTT.","email"
488,"Wayne has not done much yet, so don't put him in your Fantasy lineup.","email"
489,"Call me if you have any questions.","email"
490,"Name just one person for each color.","email"
491,"He is listed as questionable for this week's game.","email"
492,"Let me know what you want to do.","email"
493,"Allocations will be based on WIC allocations methods.","email"
494,"We obviously have a lot to talk about.","email"
495,"So I don't know who it ll be carrying the load.","email"
496,"Following are my comments.","email"
497,"We need this verified.","email"
498,"Don't use Bennett this week.","email"
499,"We will be dining fashionably late.","email"
500,"New switches can also be added to the Paging System.","email"
501,"I liked your flag.","email"
502,"She said it would probably be after Jan.","email"
503,"Thank you for participation, cooperation and support.","email"
504,"The children will entertain you while you wait.","email"
505,"The injury is more serious than the Panthers first expected.","email"
506,"Ruth, I'll send this spreadsheet as I update it.","email"
507,"Edwards said Chrebet passed the various tests and scans he was given.","email"
508,"I didn t mean to get you so bent out of shape.","email"
509,"Your friend's defense, however, has other plans.","email"
510,"Their initial review indicates that the pricing seems low.","email"
511,"Until he can practice for a couple of weeks, we won't have him.","email"
512,"Can you try this again?","email"
513,"Mike Anderson will retain the starting job for now.","email"
514,"As soon as we are done - we'll give you a call.","email"
515,"Crestone won't have final measurement until next week.","email"
516,"However, he's not worth starting on your Fantasy team.","email"
517,"Talk to you soon, Theresa.","email"
518,"You can't bench Martin, no matter how bad the matchup may be.","email"
519,"He should still be able to play in the team's next game.","email"
520,"And if he's not, then he doesn't play.","email"
521,"He's a questionable Fantasy player to begin with.","email"
522,"It was great to finally meet you.","email"
523,"I wasn't sure that you received the first e-mail.","email"
524,"Let me know if you have more questions.","email"
525,"Then we lit our candles and just stood there silently, holding them.","email"
526,"Megan, we only bought this on KN for the 30th.","email"
527,"He is listed as probable for this week's game.","email"
528,"Tests Monday showed no structural damage to his shoulder.","email"
529,"Suite 2750 in Downtown Denver.","email"
530,"As for your second question, bench Mike Anderson.","email"
531,"He is expected to miss six weeks of action due to the procedure.","email"
532,"But he is expected to play against the Raiders on Sunday night.","email"
533,"This is a major setback for the rookie.","email"
534,"Genaro, we have fixed the pricing in our system.","email"
535,"Scott is out most of this week on vacation and I'm out next week.","email"
536,"I need to link them up to the Tagg deal.","email"
537,"Benjamin Gay and Jamel White shared carries in his place.","email"
538,"However, he's no better than waiver wire fodder in Fantasy Football.","email"
539,"Here's the September purchase for September.","email"
540,"Let me consult my partner and get back with you in the morning.","email"
541,"Throw it away and not let it touch your heart.","email"
542,"Dayne and another second tier RB for one of the above.","email"
543,"But the Chiefs might depend on the run, so his numbers may be limited.","email"
544,"Try it again and let me know.","email"
545,"Jackie Adams is trying to get this done today.","email"
546,"I can't seem to find it.","email"
547,"I will add this to the folder and let you know when we get into it.","email"
548,"He is recovering from a left knee injury.","email"
549,"See the list below.","email"
550,"He left the Jets  win over Miami in the second half on October.","email"
551,"Give it some time.","email"
552,"Count me out for this round.","email"
553,"Do you know if this has been done yet?","email"
554,"Let me know which day is good for you.","email"
555,"Thanks again for thinking of me.","email"
556,"Please give me a call.","email"
557,"He did not say when that would be.","email"
558,"The Auction this year is hosted by EGS.","email"
559,"I will be out on Friday, but any other day is fine.","email"
560,"Toomer has been inconsistent this season.","email"
561,"If you have questions, please send an email to Enron.","email"
562,"Thank you for all your help.","email"
563,"Let me know if it doesn't go away.","email"
564,"We use this functionality a lot when pathing pools.","email"
565,"The volumes tie, so the pricing must be off somewhere.","email"
566,"I hope you feel better.","email"
567,"Please let us know asap.","email"
568,"I don't have Lost Creek yet - hopefully before you leave.","email"
569,"Good luck this week, I can't see any sure things out there.","email"
570,"Mark, please take a look and let me know if you have any questions.","email"
571,"The Portal User IDs and Passwords are created by you.","email"
572,"At 17, he enlisted in the US Navy.","email"
573,"He will be re-evaluated after receiving an injection.","email"
574,"Don't use him this week.","email"
575,"Using Stoerner in your starting lineup would be a risky move.","email"
576,"Trust me, the men are the ones showing restraint.","email"
577,"She started singing along softly with the radio.","email"
578,"He is expected to participate in practice.","email"
579,"Theresa, the formula BP is using is highlighted in red below.","email"
580,"Before I forget, there is one last change.","email"
581,"You'll have to forward that home for dad to see.","email"
582,"Please let me know if there is any way that I can help you.","email"
583,"Let me know if you can't open it.","email"
584,"Let me know if you need further information.","email"
585,"Ladies, here's the revised September purchase.","email"
586,"The others raise their eyebrows.","email"
587,"Thank you for your support and generosity.","email"
588,"Please feel free to add to it if I missed something.","email"
589,"My husband Jeff and I are planning on attending.","email"
590,"Keep him in mind as a No.","email"
591,"Let me know if you need anything else.","email"
592,"We currently have 6 employees.","email"
593,"Here's the new one.","email"
594,"I am all about Win-Win here.","email"
595,"He is close to full speed, says the Charlotte Observer.","email"
596,"Hope this message is much better received than yesterday's.","email"
597,"Andy Fastow will be on a leave of absence from the company.","email"
598,"You'll receive the brand new Palm OS v4.","email"
599,"This needs to go to imbalance between Quantum and Crestone.","email"
600,"Currently, we are focusing our resources on domestic sites.","email"
601,"I'll keep you posted.","email"
602,"The old list we had from Sybase no longer exists.","email"
603,"Could you please let me know as soon as possible.","email"
604,"Did you ever hear anything?","email"
605,"See client Help for more information.","email"
606,"We will forward it to you as soon as we get it.","email"
607,"Charlie Garner will once again be Oakland's feature back.","email"
608,"Chambers is still too inconsistent to start for most Fantasy teams.","email"
609,"His abilities will be limited if he does play Sunday.","email"
610,"Parking at the walk site will be free.","email"
611,"Also,  please look at Howell for Oct 2001.","email"
612,"Since you all are so slow to think, here are a few ideas.","email"
613,"You can't destroy us, and you can't stop us.","email"
614,"Jacksonville's secondary is thin because of injuries.","email"
615,"Please set me, Heidi DuBose, up as their travel arranger.","email"
616,"So, we need to get these resolved.","email"
617,"It was the best dinner table conversation we've had in a long time.","email"
618,"We could do it at my house.","email"
619,"Amy Felling should be your contact on the 19th.","email"
620,"That calendar was enough to put me on a diet.","email"
621,"A detailed organizational chart is attached.","email"
622,"Jeff had been serving as chairman and CEO of Enron Industrial Markets.","email"
623,"We lost 1 player this week who picked Baltimore, sorry.","email"
624,"I see some volume reversing in the system.","email"
625,"I would love to take Dawn and Sara riding.","email"
626,"I was planning on calling you after I saw your revisions.","email"
627,"I met my neighbors in the park across the street tonight.","email"
628,"Sorry for any inconvenience.","email"
629,"I think it should be fixed now.","email"
630,"Try and re-draft and let me know.","email"
631,"Robert ,I'm working on this right now.","email"
632,"Brian Mitchell will likely serve as Duce Staley's backup.","email"
633,"I have the option of starting Jim Miller or picking up Chris Weinke.","email"
634,"He is recovering from a sprained foot.","email"
635,"I hope we'll get the game here in Denver.","email"
636,"Kim, here's the PSCO website address.","email"
637,"Please forward the backup today if possible so we can review.","email"
638,"Hours are listed in 24hr format central time.","email"
639,"Theresa, I've redrafted and we're still off, even more now.","email"
640,"He has made progress in his recovery and might play this week.","email"
641,"I just faxed copies of the invoices to you.","email"
642,"Ty needs to work on our model before we could start anything anyway.","email"
643,"We had some measurement of gas from Quantum throughout the month.","email"
644,"Have a good weekend.","email"
645,"When the inspection is finished we will communicate those results.","email"
646,"If she calls me yet today, I'll let you know.","email"
647,"Megan, try this for Phillips.","email"
648,"He was our best player when he got hurt.","email"
649,"He is recovering from a bruised left shoulder.","email"
650,"He remains a good Fantasy backup when healthy.","email"
651,"You can bring it to work and we could meet for lunch one day.","email"
652,"Laveranues Coles will be the top receiver in his absence.","email"
653,"Last week we reported third quarter earnings.","email"
654,"I will try to expedite payment tomorrow.","email"
655,"His status for Thursday's game against Dallas is unclear.","email"
656,"But I would suspect that when Ricky can play, he'll play again.","email"
657,"He said he would learn more about the injury as the week progressed.","email"
658,"It's this issue's featured eBook.","email"
659,"On Friday, October 26th.","email"
660,"If it needs to be paid, we will need to add the day to the deal.","email"
661,"He started Sunday's game and had two catches for 70 yards.","email"
662,"I'll take them one at a time.","email"
663,"The second deal in question which needs to be resolved asap.","email"
664,"Normally we just eat and run.","email"
665,"I am hoping to complete them today or tomorrow morning.","email"
666,"Tricia needs to know if she needs to invoice them or not.","email"
667,"Ruth, the market drove us back for the weekend.","email"
668,"I've sort of lost track of what all I've received.","email"
669,"Richardson is battling a shoulder injury.","email"
670,"She would hate to see us not get our expense reports paid.","email"
671,"I'll try and get to this later today.","email"
672,"Please let me know if you need any additional information.","email"
673,"In his third season, Booker has become a superb Fantasy wideout.","email"
674,"Let me know if you have further questions.","email"
675,"Donovan McNabb is one of my starters.","email"
676,"Team Chick hasn't been in the Super Bowl every year for no reason.","email"
677,"Jones executive vice president and chief operating officer.","email"
678,"I need a little more stability in my work environment.","email"
679,"He is suffering from a strained left shoulder.","email"
680,"But thank you for the offer.","email"
681,"Louis, posting five catches for 35 yards and two scores.","email"
682,"Reconfigure the disk layout.","email"
683,"His status for the Week 11 game against Atlanta is unclear.","email"
684,"He is listed as probable for Monday's game against Tennessee.","email"
685,"My comments are in fuschia.","email"
686,"Seifert said he didn't know if Weinke would practice Thursday.","email"
687,"Since we're ok on volumes now, it's got to be pricing somewhere.","email"
688,"Newly-signed Tony Simmons might work as the third receiver.","email"
689,"Monitor his progress over the next few weeks.","email"
690,"When it is used we try and do as many paths as possible.","email"
691,"We don't recommend you use him in a Fantasy league this week.","email"
692,"What do you show as the storage schedule?","email"
693,"He has developed a good on-field relationship with QB Brad Johnson.","email"
694,"But let me know which ones you don't get.","email"
695,"Every Enron employee has an internet email address.","email"
696,"Apparently, BP is using the correct pricing.","email"
697,"Let me know if you have any problems.","email"
698,"See, we Americans had gotten sort of distracted.","email"
699,"X-rays were negative, and Hakim is listed as day to day.","email"
700,"Megan, I'm not sure why this is showing up.","email"
701,"I'll talk to you on Monday.","email"
702,"There's been a shortage of blood in this area.","email"
703,"Expect him to produce good numbers against New England.","email"
704,"We are also in touch with the U.","email"
705,"Just don't start him against the stifling Ravens defense this week.","email"
706,"I will need to get you set up in their system prior to Tuesday.","email"
707,"The results were expected back Tuesday.","email"
708,"I am having problems reconciling with Theresa's invoices.","email"
709,"I'll let you know after lunch.","email"
710,"Our politicians are rising to the occasion.","email"
711,"One would have thought I'd have this down pat by now.","email"
712,"Please let me know what days you plan on taking off.","email"
713,"Zack Crockett may be used in goal-line situations.","email"
714,"Below is the intended version.","email"
715,"You will never be able to put them out.","email"
716,"We are heartened by the many notes of care and concern.","email"
717,"The deal was nominated and cut to zero.","email"
718,"People stuck in traffic on either side of us joined in.","email"
719,"He is listed as day to day.","email"
720,"Try this one now and let me know.","email"
721,"I have an electric knife.","email"
722,"Jason Brookins will start at running back if Allen is inactive.","email"
723,"It would be great if I could have the files by the 18th or 19th.","email"
724,"Drop him if he was on your Fantasy roster.","email"
725,"I would love to help you guys with this imbalance.","email"
726,"I was out Thurs.","email"
727,"Bradford has yet to prove himself as a Fantasy player.","email"
728,"Amy will be here to cover.","email"
729,"He only gained 17 yards on nine carries in the Jaguars  previous.","email"
730,"This quarter they are reported separately.","email"
731,"I will fax the invoice to you today.","email"
732,"Hope that all is well in Denver.","email"
733,"Ed Terry is in there twice.","email"
734,"I called my husband at work today just to tell him I loved him.","email"
735,"I guess the next time I'll see you is for Super Bowl.","email"
736,"He is one of three Eagles who will be held out of the game.","email"
737,"They are still burning.","email"
738,"It stands to reason that I will eventually win.","email"
739,"They must not be distributed without our consent.","email"
740,"We talked quietly while everybody gathered.","email"
741,"We were planning to have him from the start.","email"
742,"I need your help in putting together a new list.","email"
743,"In the end, we chose to keep our traditional method.","email"
744,"My husband and I are on a waiting list to give blood.","email"
745,"Just thought you oughta know.","email"
746,"He is out indefinitely and could miss the remainder of the season.","email"
747,"Please call me if you see any problems.","email"
748,"However, he's still expected to start in the 49ers next game on Oct.","email"
749,"Fuel surcharges, if applicable are included in the fees listed.","email"
750,"I am working on the November producers today as a matter of fact.","email"
751,"You know that I love you.","email"
752,"The mud was their idea.","email"
753,"He did not return to the contest, and is listed as day to day.","email"
754,"The local forecasters are showing rain for Thanksgiving here.","email"
755,"Talk to you soon.","email"
756,"That makes him a risky start from a Fantasy perspective.","email"
757,"The All-Employee Meeting will be held Tuesday, Oct.","email"
758,"Don't bother picking him up.","email"
759,"The artist assures me it is a turkey.","email"
760,"Send me your address.","email"
761,"This upgrade may take up to 2 hours.","email"
762,"I'm very sorry about that mix up.","email"
763,"Things are crazy for sure!","email"
764,"Amy was let go last Friday here along with another guy.","email"
765,"We also decided against a formal seating arrangement.","email"
766,"Don't expect Sanders to play anytime soon.","email"
767,"Finally, I would delete the paragraph about lawyers.","memorable"
768,"Please stay on top of the security issue.","memorable"
769,"I am on my way.","memorable"
770,"John this message concerns me.","memorable"
771,"Has anyone else heard anything?","memorable"
772,"Do you want to fax it to my hotel?","memorable"
773,"I would be glad to participate.","memorable"
774,"What are the units?","memorable"
775,"We will have some good detail by January 7.","memorable"
776,"No there will be plenty of others.","memorable"
777,"I think your outlined measures sound fine.","memorable"
778,"Are you being a baby?","memorable"
779,"Tried reaching you earlier.","memorable"
780,"Trip was good I presume?","memorable"
781,"Kay Mann is going to take the lead on this.","memorable"
782,"Once you do, you can never go back.","memorable"
783,"I think those are the right dates.","memorable"
784,"Have a good evening.","memorable"
785,"Not just 1 to 2.","memorable"
786,"I think we should consider this request.","memorable"
787,"I will be back Friday.","memorable"
788,"We can discuss options early next week.","memorable"
789,"I will likely not be available.","memorable"
790,"I haven't had a conversation on this since 1999. ","memorable"
791,"What is going on?","memorable"
792,"Ben could tell him about Pompano.","memorable"
793,"I changed that in one prior draft.","memorable"
794,"I am meeting with my direct reports at 1 to work on recommendations.","memorable"
795,"We can work around these plans if you prefer.","memorable"
796,"What is the purpose of this?","memorable"
797,"Neal, can you help with this?","memorable"
798,"This is the neatest toy I have had.","memorable"
799,"How soon do you need it?","memorable"
800,"Pressure to finish my review!","memorable"
801,"Get with David Lund.","memorable"
802,"Maybe traffic will be light on Thursday.","memorable"
803,"We don't seem to have any positive income there.","memorable"
804,"Or are you going to be tied up with dinner?","memorable"
805,"Can you call me at home?","memorable"
806,"I think we should put a number on the table.","memorable"
807,"Did we plan that?","memorable"
808,"I have 30 minutes then.","memorable"
809,"Thank you for your call.","memorable"
810,"Joel will handle this.","memorable"
811,"Can you help me here?","memorable"
812,"No employment claims for gas or power.","memorable"
813,"I will follow up with him as soon as the dust settles.","memorable"
814,"Did you differ from me?","memorable"
815,"Do we know what we need?","memorable"
816,"You have a nice holiday too.","memorable"
817,"Would you mind taking the lead on this?","memorable"
818,"This is the crew.","memorable"
819,"What is happening to the stock price?","memorable"
820,"I worked on the grade level promotion.","memorable"
821,"I have a request.","memorable"
822,"I wonder if RBS is another institution which could move quickly.","memorable"
823,"Until we can answer these questions, we cannot terminate anything.","memorable"
824,"Don't they have some conflicts here?","memorable"
825,"Please make sure Bob Kelley is on the list.","memorable"
826,"You have a lot of holes in your plan.","memorable"
827,"Can we have them until we move?","memorable"
828,"Has Dynegy made a specific request?","memorable"
829,"Can you wait until Monday?","memorable"
830,"We will be managing our rates and we need to plan on software.","memorable"
831,"Not even in yet.","memorable"
832,"I think in this case specific is better.","memorable"
833,"Do you and George have a thing going?","memorable"
834,"Have you done any deals yet?","memorable"
835,"This is all so unreal.","memorable"
836,"Do we need to discuss?","memorable"
837,"We can have wine and catch up.","memorable"
838,"Can you help get this cleared up?","memorable"
839,"I can return earlier.","memorable"
840,"Their key decision maker did not show which is not a good sign.","memorable"
841,"I will bring John Brindle.","memorable"
842,"Let's wait until Monday.","memorable"
843,"If so what was it?","memorable"
844,"Are you going to call?","memorable"
845,"That would likely be an expensive option.","memorable"
846,"Both of us are still here.","memorable"
847,"I can fill you in on more details later.","memorable"
848,"This seems fine to me.","memorable"
849,"What level of detail do you need?","memorable"
850,"Did you get this?","memorable"
851,"Thursday works better for me.","memorable"
852,"I have a high level in my office.","memorable"
853,"Please send it to both of us.","memorable"
854,"Will you and KB be around this afternoon?","memorable"
855,"Can you help with this one?","memorable"
856,"I still believe a September 30 closing is unrealistic.","memorable"
857,"Thanks for checking with me.","memorable"
858,"How is it going?","memorable"
859,"You can talk to Becky!","memorable"
860,"We are all fragile.","memorable"
861,"Not at this time.","memorable"
862,"Bound to be some media flack on this.","memorable"
863,"This is very sensitive.","memorable"
864,"Let me know when you get this.","memorable"
865,"The contract is a bit complicated.","memorable"
866,"Jan has a lot of detail.","memorable"
867,"I was going to call you but I hate to bother your holiday.","memorable"
868,"I can review afterwards and get back to you tonight.","memorable"
869,"Don't forget the wood.","memorable"
870,"But we should pay them the 4500.","memorable"
871,"Did we get ours back?","memorable"
872,"Should we email this to you or fax to your house?","memorable"
873,"Mikey is invited also.","memorable"
874,"We are waiting on the cold front.","memorable"
875,"I was planning to attend.","memorable"
876,"I'm fully recovered and back on pace.","memorable"
877,"Disney was great and I've been to eight baseball games.","memorable"
878,"I don't want to let my nanny go home if you think you need me.","memorable"
879,"Get with Mary for format.","memorable"
880,"Will 2PM ET work for you?","memorable"
881,"I talked to Duran.","memorable"
882,"I don't think we need to make a big deal of this.","memorable"
883,"A gift isn't necessary.","memorable"
884,"That is one of the things we are working on.","memorable"
885,"I'm waiting until she comes home.","memorable"
886,"Suggest you get facts before judging anyone.","memorable"
887,"We need a process to deal with this.","memorable"
888,"How long can you guys shop?","memorable"
889,"I just had my head in the clouds.","memorable"
890,"I am looking forward to the salad.","memorable"
891,"Please send me an email.","memorable"
892,"Was it a car wreck?","memorable"
893,"What is the stock price doing?","memorable"
894,"I am not aware of any.","memorable"
895,"What is the cost issue?","memorable"
896,"I agreed terms with Greg.","memorable"
897,"We will keep you posted.","memorable"
898,"Next time ask Jim to call me.","memorable"
899,"I am freaking out!","memorable"
900,"I am working with Mary Joyce on that right now.","memorable"
901,"It's not looking too good is it?","memorable"
902,"John, can you give Konni a call?","memorable"
903,"Tell her to get my expense report done.","memorable"
904,"Are you on the diet with me?","memorable"
905,"I didn't understand we were borrowing them.","memorable"
906,"She has absolutely everything.","memorable"
907,"Do we have New York sorted out?","memorable"
908,"What's your phone number?","memorable"
909,"I am in 50M if you need me.","memorable"
910,"Steve Gilbert is working on this.","memorable"
911,"Is that enough for this week?","memorable"
912,"I will be there.","memorable"
913,"Maybe you can leave early.","memorable"
914,"Did you not read my first email?","memorable"
915,"I will be thinking of you.","memorable"
916,"I may take the opportunity to run some errands.","memorable"
917,"I am at the lake.","memorable"
918,"Are you going to apply?","memorable"
919,"Are we ready for this on Monday?","memorable"
920,"She called and wants to come over this AM.","memorable"
921,"Are you back in town?","memorable"
922,"It is not surprising.","memorable"
923,"Should systems manage the migration?","memorable"
924,"Chris Foster is in!","memorable"
925,"Mostly a social call.","memorable"
926,"Yes I like perfume.","memorable"
927,"I haven't visited with Stan lately.","memorable"
928,"Hope you guys are doing fine.","memorable"
929,"Have I mentioned how much I love Houston traffic?","memorable"
930,"This will be hard.","memorable"
931,"We need to talk about this month.","memorable"
932,"You can explain this to me next week or over the weekend.","memorable"
933,"Are you going to join us for lunch?","memorable"
934,"What do you think about Tracy and Jim?","memorable"
935,"Nice weather for it.","memorable"
936,"I have an AM doctor's appointment.","memorable"
937,"I'm in a meeting until noon.","memorable"
938,"How are things with you?","memorable"
939,"I hope you are feeling better.","memorable"
940,"I sent it to her.","memorable"
941,"Will it be delivered?","memorable"
942,"Are you getting all the information you need?","memorable"
943,"I'm in Stan's office.","memorable"
944,"Tried to call but couldn't reach you.","memorable"
945,"Could you see where this stands?","memorable"
946,"Sounds good to me.","memorable"
947,"I am not concerned with the Brown money.","memorable"
948,"And leave my school alone.","memorable"
949,"There is now a meeting at 8PM as well.","memorable"
950,"She has a web address.","memorable"
951,"He played goalie almost the entire game.","memorable"
952,"Did you set up my corporate account for me?","memorable"
953,"Can you please review and get back to Tim?","memorable"
954,"Is this the only time available?","memorable"
955,"Can you get with Mary and make sure?","memorable"
956,"Travis is in charge.","memorable"
957,"It reads like she is in.","memorable"
958,"I am almost speechless.","memorable"
959,"Does Dan know about Julia changing groups?","memorable"
960,"Will follow up today.","memorable"
961,"I want to thank everyone involved.","memorable"
962,"I am fine with this.","memorable"
963,"In a meeting with your guys now.","memorable"
964,"He would love anything about rocks.","memorable"
965,"Ava, please put me on the list.","memorable"
966,"Could you try ringing her?","memorable"
967,"Board meeting running long.","memorable"
968,"I am out of town on business tonight.","memorable"
969,"What did Mark say?","memorable"
970,"Make sure they are current.","memorable"
971,"I will be checking up with Lisa.","memorable"
972,"I'll get you one.","memorable"
973,"Through this account cash flows to corporate.","memorable"
974,"On my way back.","memorable"
975,"That would be great.","memorable"
976,"I'll call you in the morning.","memorable"
977,"I tried that to no avail.","memorable"
978,"I have forwarded to Kelly.","memorable"
979,"Did you talk to Ava this morning?","memorable"
980,"Did you mean Oxley?","memorable"
981,"If we don't get it, could be trouble.","memorable"
982,"I have some more data coming.","memorable"
983,"I thought you were on 6.","memorable"
984,"Treasa knows the details.","memorable"
985,"Hope all is well.","memorable"
986,"Wish me luck with Linda.","memorable"
987,"I'm on my way back there to do so.","memorable"
988,"I won't be home until 6.","memorable"
989,"Hey TK, how are you doing?","memorable"
990,"Was wondering if you and Natalie connected?","memorable"
991,"I am sorry you had to come in.","memorable"
992,"We will get you a copy.","memorable"
993,"On the plane, doors closing.","memorable"
994,"Perhaps there was a glitch.","memorable"
995,"What is up with ENE?","memorable"
996,"Mike, are you aware of this?","memorable"
997,"Would you have John send me a message?","memorable"
998,"Please send me an email to let me know.","memorable"
999,"I've never worked with her.","memorable"
1000,"Will give you more shortly.","memorable"
1001,"Did you tell Steve?","memorable"
1002,"We have lots of paper stuff.","memorable"
1003,"Hopefully this can wait until Monday.","memorable"
1004,"Has your 4th quarter changed?","memorable"
1005,"Can you resend me the Doyle email from last week?","memorable"
1006,"What is the mood?","memorable"
1007,"The troops just walked in.","memorable"
1008,"Do you still need me to sign something?","memorable"
1009,"They have capacity now.","memorable"
1010,"Ava, do we need to worry about this?","memorable"
1011,"I don't have the distraction of taking care of Mimi.","memorable"
1012,"I have other things to worry about!","memorable"
1013,"Where do you want to meet to walk over there?","memorable"
1014,"I just tracked down Steve.","memorable"
1015,"Can you do the Gallup contracts as well?","memorable"
1016,"What happened to the guy with the paper to sign?","memorable"
1017,"See you next week.","memorable"
1018,"Need to watch closely.","memorable"
1019,"Do we have anyone in Portland?","memorable"
1020,"Call me to give me a heads up.","memorable"
1021,"Thank you for your prompt reply.","memorable"
1022,"I'm going to class.","memorable"
1023,"Sorry for the unfriendly greeting in the lobby.","memorable"
1024,"We are on a plane coming back.","memorable"
1025,"I agree since I am at the bank right now.","memorable"
1026,"Do you need to be there?","memorable"
1027,"Had a great meeting.","memorable"
1028,"Neil has been asking around.","memorable"
1029,"We just need a sitter.","memorable"
1030,"Do we need to do anything here?","memorable"
1031,"Is this cash coming into TW?","memorable"
1032,"I wanted to go drinking with you.","memorable"
1033,"Mike is putting pressure on me.","memorable"
1034,"What is in the plan?","memorable"
1035,"We're on the way.","memorable"
1036,"Is this the conference rate?","memorable"
1037,"Are you in a good mood?","memorable"
1038,"I would like to attend if so.","memorable"
1039,"Thanks for the quick turnaround.","memorable"
1040,"What is your issue sir?","memorable"
1041,"If not can I call you?","memorable"
1042,"I'm glad she likes her tree.","memorable"
1043,"Sorry for the delay.","memorable"
1044,"They have to go away and have a think.","memorable"
1045,"I plan to be in the office tomorrow.","memorable"
1046,"What do you hear?","memorable"
1047,"I am monitoring email.","memorable"
1048,"I love you too.","memorable"
1049,"I was trying to remember what Bobby said.","memorable"
1050,"I would expect an answer ASAP.","memorable"
1051,"Am I getting a good package?","memorable"
1052,"Also it appears no payment is required tomorrow.","memorable"
1053,"We need to bring them along slowly.","memorable"
1054,"I can get them.","memorable"
1055,"Please call tomorrow if possible.","memorable"
1056,"Where are they hitting the books at?","memorable"
1057,"Do you need it today?","memorable"
1058,"Do you know anything?","memorable"
1059,"I left a message.","memorable"
1060,"I am walking in now.","memorable"
1061,"Your voice cheered me up.","memorable"
1062,"How did you make sure it was the right set?","memorable"
1063,"Probably can handle Monday PM.","memorable"
1064,"Will call later to explain.","memorable"
1065,"When do we review with El Paso?","memorable"
1066,"Don't make me pull tapes on whether you understood our fee.","memorable"
1067,"I'm working on a liquidity forecast.","memorable"
1068,"That's a lot of dollars.","memorable"
1069,"I think that is the right answer.","memorable"
1070,"We must be consistent.","memorable"
1071,"Probably will be working.","memorable"
1072,"Hope your trip to Florida was good.","memorable"
1073,"Geez, I sound pathetic.","memorable"
1074,"This is good I think.","memorable"
1075,"Is she done yet?","memorable"
1076,"I'm glad you liked it.","memorable"
1077,"See you on the third.","memorable"
1078,"Yes I am here actually.","memorable"
1079,"It's not working very well.","memorable"
1080,"They are more efficiently pooled.","memorable"
1081,"Are you feeling better?","memorable"
1082,"How's the share price?","memorable"
1083,"Have a great trip.","memorable"
1084,"Are you in today?","memorable"
1085,"Anything exciting going on today?","memorable"
1086,"Wednesday is definitely a hot chocolate day.","memorable"
1087,"Do you have a number for him?","memorable"
1088,"Thanks for your concern.","memorable"
1089,"Yes, I am playing.","memorable"
1090,"There are several business issues outstanding.","memorable"
1091,"Take what you can get.","memorable"
1092,"What do you think?","memorable"
1093,"Need you or John to step out.","memorable"
1094,"Just wanted to touch base.","memorable"
1095,"Weather is bad here.","memorable"
1096,"I'll catch up with you tomorrow.","memorable"
1097,"I should have more info by our meeting this afternoon.","memorable"
1098,"Just playing with you!","memorable"
1099,"I told you silly.","memorable"
1100,"Money wise that is.","memorable"
1101,"I'm on a plane.","memorable"
1102,"I have been in contact with him, and he is familiar with the issues.","memorable"
1103,"I am all over it.","memorable"
1104,"I will need to have my memory refreshed.","memorable"
1105,"We are having fun.","memorable"
1106,"It was very nice.","memorable"
1107,"I'm not planning on doing anything this week.","memorable"
1108,"I am snowed under and out of the office.","memorable"
1109,"We are delayed, got another 30 minutes on the runway.","memorable"
1110,"I wish he would leave Deerfield alone.","memorable"
1111,"Please let me know if you learn anything at the floor meeting.","memorable"
1112,"Then we can go to Zainy Brainy.","memorable"
1113,"What number should he call you on?","memorable"
1114,"Why do you ask?","memorable"
1115,"What will happen to this project?","memorable"
1116,"Have a great day!","memorable"
1117,"I told Gary you could make the call.","memorable"
1118,"I hope he is having a fantastic time.","memorable"
1119,"I am trying again.","memorable"
1120,"Thanks again for your help.","memorable"
1121,"Let me know how I can help.","memorable"
1122,"What a nice note.","memorable"
1123,"How can we get these answers?","memorable"
1124,"A bit behind on my emails.","memorable"
1125,"Can you bring these to 49C1?","memorable"
1126,"She has the game tomorrow.","memorable"
1127,"The Senate vote undercut him the day before the Geneva talks.","news"
1128,"About 10 Jordanian doctors arrived at the hospital a few days ago.","news"
1129,"The German slowed down enough to beat Frenchman Cedric Pioline 6-3.","news"
1130,"We will work on the car and try to go a little quicker yet.","news"
1131,"The letters of credit were to cover three agreements.","news"
1132,"Paris had ruled out participation in such an invasion force.","news"
1133,"Construction on the complex will begin this year.","news"
1134,"It's a shame to have to miss one or the other.","news"
1135,"Senate ratification would be a matter of humanity.","news"
1136,"Thailand would not be involved.","news"
1137,"The Philippines censorship board voted to cut certain scenes.","news"
1138,"Both leading candidates have promised to create jobs.","news"
1139,"The conditions were pretty tough.","news"
1140,"The opposition had plans to hold demonstrations on Monday afternoon.","news"
1141,"The fighting erupted after a private quarrel.","news"
1142,"The former minister is accused of receiving seven billion lira.","news"
1143,"We would have waited up all night to see them.","news"
1144,"The board voted Thursday to lift a ban imposed earlier this month.","news"
1145,"We're not adversarial in this, but we want to know what's going on.","news"
1146,"The accord was due to have come into effect overnight.","news"
1147,"It is not a matter of imposing a peace plan on the parties.","news"
1148,"We've pursued other options and as a result we've made some progress.","news"
1149,"I am surprised such an incident could not have been prevented.","news"
1150,"More than million landmines lie unexploded in at least 62 countries.","news"
1151,"He also ruled out extending the safe areas.","news"
1152,"We controlled the race from the start and I'm satisfied.","news"
1153,"Two RAF Hercules transport planes airlifted foreign evacuees.","news"
1154,"There are some issues on which we agree.","news"
1155,"Rothenberg said the trend in Europe was away from fencing.","news"
1156,"The wind was strong and gusting.","news"
1157,"Juppe said such a force was in the process of being sent to Haiti.","news"
1158,"That was how Mansell learned passing was allowed on the oval.","news"
1159,"She is scheduled to appear in New York on the Maury Povitch Show.","news"
1160,"Lusinchi is currently in Boston, MA, according to his attorney.","news"
1161,"I wasn't as prepared as I will be this year.","news"
1162,"The amendment has little chance of becoming law.","news"
1163,"Juppe described Emile Jonassaint as a puppet with no legitimacy.","news"
1164,"Doctors gave him 10 years to live at most.","news"
1165,"Referring to his meeting in Washington with US President Bill Clinton.","news"
1166,"They launched a counter attack and retook positions they had lost.","news"
1167,"This is a golden moment.","news"
1168,"He refused to elaborate on the delay.","news"
1169,"He is here for a political meeting.","news"
1170,"The area has an Armenian population but falls within Azerbajian.","news"
1171,"Diplomats are predicting that the embargo will remain in force.","news"
1172,"Rumors have him scheduled to attend at least part of the Pacers' game.","news"
1173,"South Korea will send two escort destroyers and men for the maneuvers.","news"
1174,"France also was prepared to participate in a UN multinational force.","news"
1175,"We're not aware of any possible changes at Stanford Stadium.","news"
1176,"The Hawks led from late in the first quarter.","news"
1177,"This is the limit.","news"
1178,"The book will also present details of the economic conditions.","news"
1179,"Some million shares changed hands on the New York Stock.","news"
1180,"The hospital was hit by electricity cuts.","news"
1181,"Estrada recently returned from Johannesburg.","news"
1182,"The House would give them equal treatment with US banks.","news"
1183,"New York's Supreme Court upheld a lower court decision.","news"
1184,"But the pact has not entirely calmed the nation's nerves.","news"
1185,"He said police in Dallas were also in favor of fences.","news"
1186,"They really must get the money together.","news"
1187,"Juppe arrived in Washington on Wednesday.","news"
1188,"Wang was to meet with Clinton's national security advisor.","news"
1189,"But his father likes what he sees from his son's engine.","news"
1190,"The aviation college had already trained pilots.","news"
1191,"I would not say I have guaranteed my final place.","news"
1192,"All our demographics indicate that is a family audience.","news"
1193,"The four-city tour continues Friday in Kansas City, Missouri.","news"
1194,"Later works dealt with ethical concerns in the modern world.","news"
1195,"Mansell went on to five Indy-car triumphs.","news"
1196,"US President Bill Clinton favours lifting the embargo.","news"
1197,"He also suggested it would send a conflicting message to Geneva.","news"
1198,"We are looking at military assistance.","news"
1199,"The appointments were confirmed by China's parliament.","news"
1200,"Now I really feel I'm alive, not like before.","news"
1201,"The ceremony was followed by the premiere of the opening film.","news"
1202,"Two-thirds of our tickets have been sold in the United States.","news"
1203,"Spanish football reaches boiling point this weekend.","news"
1204,"The UN still recognizes Lisbon as the administrator of the territory.","news"
1205,"I know my way around the hospital better than I do the stadium.","news"
1206,"We all know that it does exist.","news"
1207,"The rates would become effective after endorsement by parliament.","news"
1208,"ITT owns the Sheraton hotel chain.","news"
1209,"Soldiers would be in their barracks throughout the weekend.","news"
1210,"There are some different rules here.","news"
1211,"We shall try to find a common agenda.","news"
1212,"In his last years he had been living at the nursing home.","news"
1213,"Liverpool always had a knack of bringing people down to earth.","news"
1214,"US vessels will form two separate training units.","news"
1215,"Northern forces had captured a southern mechanised brigade.","news"
1216,"Pilot Nick Young said communications at Sanaa airport were excellent.","news"
1217,"He has recovered from his ankle injury.","news"
1218,"If the Penskes have any luck at all, they could be unstoppable.","news"
1219,"I believe she gave a television interview in Britain.","news"
1220,"It must be accompanied by increased productivity.","news"
1221,"Market analysts said that the ratio was rising.","news"
1222,"Liverpool failed again in when they were beaten at Wembley.","news"
1223,"They lost to Nantes after extra-time.","news"
1224,"Both sides had indicated interest in a cessation of hostilities.","news"
1225,"Whether it will stand up on race day, nobody knows.","news"
1226,"The Senate defied President Bill Clinton on Thursday.","news"
1227,"They tend to know who hooligans are and don't sell to them.","news"
1228,"Even if it were approved, Clinton could veto the measure.","news"
1229,"I think this move will not overcome the problem.","news"
1230,"It's incredibly demanding here.","news"
1231,"The loans were allegedly made to players.","news"
1232,"He said he had been surprised to see his name on the list.","news"
1233,"Britain earlier organised an evacuation of non-Britons from Sanaa.","news"
1234,"The statement gave no further details of the incident.","news"
1235,"The Mercedes drivers are likely to break the track records.","news"
1236,"He said he saw no damage to the airport.","news"
1237,"The city plays host to a visit by US president Bill Clinton.","news"
1238,"The buses will be identified by their cities of origin.","news"
1239,"Mixed signals from Washington had convinced China.","news"
1240,"Samantha would need around-the-clock care.","news"
1241,"Sanaa appeared to be a ghost town with many shops closed.","news"
1242,"Chinese President defended the military crackdown on protesters.","news"
1243,"The blasts rocked prominent commercial landmarks.","news"
1244,"He said he was not aware he suffered from it.","news"
1245,"The new radio minister was head of the propaganda department.","news"
1246,"Penske wouldn't come here without a good idea it would hold up.","news"
1247,"Winning here, everybody was more shocked and surprised.","news"
1248,"The majority owner of Telecom is a consortium.","news"
1249,"We have been working on clay for four weeks.","news"
1250,"His party also has its sights on the posts of justice minister.","news"
1251,"There were 75 evacuees on one plane and 73 on the other.","news"
1252,"These factors dictate clear limits to the concept of safe areas.","news"
1253,"The night promised to be long.","news"
1254,"This time, Nigel Mansell will not be left behind on a restart.","news"
1255,"The exercises will be staged in the West and Mid-Pacific region.","news"
1256,"He would be sorely missed by all who are striving for progress.","news"
1257,"The Spanish federation has brought forward those fixtures.","news"
1258,"Many earlier ceasefire accords have been broken.","news"
1259,"A Hungarian neuro surgeon said that medical supplies are low.","news"
1260,"The riots were started by native Taiwanese.","news"
1261,"We have been consistent and we have a good balance.","news"
1262,"Europe has lost a great ally.","news"
1263,"They would play Chile in Buenos Aires.","news"
1264,"There are differing views among the dissident community.","news"
1265,"But he vows to support any drivers who support the Pacers.","news"
1266,"That's a fair trade off.","news"
1267,"I don't want to even see it in kilometers.","news"
1268,"This track stands alone as king of the circuits.","news"
1269,"We have lost not just a great friend.","news"
1270,"Samantha's problems began 13 years.","news"
1271,"The delegation is to visit a metal works.","news"
1272,"Time trials for the May 29 race continue the next two weekends.","news"
1273,"I was selfish in what I did.","news"
1274,"After leaving the navy in he joined the merchant marines.","news"
1275,"I'll keep it in miles.","news"
1276,"Whether that package is training or material has yet to be determined.","news"
1277,"He said the operating theatres were barely functioning.","news"
1278,"Our advantages have been brought into fuller play.","news"
1279,"You can have all the horsepower and it won't matter.","news"
1280,"I'm pleased with my speeds.","news"
1281,"About 20 were Americans, but there were also Dutch and Swiss.","news"
1282,"That ranks fifth for the week.","news"
1283,"The trip is nevertheless important to set the course for future ties.","news"
1284,"Most contenders here use his Ford-Cosworth engines.","news"
1285,"This is normal, they always do this.","news"
1286,"The informal costs have to disappear.","news"
1287,"The agreement has been approved by the Senate and House.","news"
1288,"There is substantially no difference between us.","news"
1289,"Nick makes work fun.","news"
1290,"The cabinet Thursday approved a revised tariff schedule.","news"
1291,"The evacuees included babies and young children.","news"
1292,"The speedway is faced with some very tough choices.","news"
1293,"He was in great shape last night.","news"
1294,"He pleaded guilty in February under an agreement with the government.","news"
1295,"Brcko had been proposed as another site for a safe area.","news"
1296,"But he added the list given was still incomplete.","news"
1297,"The senate would require them to create a US subsidiary.","news"
1298,"Travkin did not receive a specific portfolio.","news"
1299,"Sunday tickets have been on sale for weeks.","news"
1300,"A growing number of US households are joining the middle class.","news"
1301,"The Azerbaijani enclave Nagorno was torn by further fighting.","news"
1302,"Last year I made some mistakes here.","news"
1303,"Argentina have called off their two football internationals in Japan.","news"
1304,"It should save the taxpayers a considerable amount of money.","news"
1305,"Reports said Clinton feels the same way.","news"
1306,"Seve Ballesteros was well satisfied with his first round.","news"
1307,"The cause of the fire was under investigation, police said.","news"
1308,"It's quite a weekend.","news"
1309,"The Columbia mission takes off from the Kennedy space centre.","news"
1310,"Let us not invite unnecessary irritants to this relationship.","news"
1311,"The qualifying continues on the west side of town.","news"
1312,"Sources said the officers will be part of the coordination office.","news"
1313,"We are happy to give a pay rise.","news"
1314,"It is very unlikely that patrons of tour operators are troublemakers.","news"
1315,"Peace talks last week in Kirghizstan.","news"
1316,"The strategy will be very much the same.","news"
1317,"This time I'm more comfortable and aware of a lot more situations.","news"
1318,"Now I know about them.","news"
1319,"Some of us may have have acted as critics at one point or another.","news"
1320,"Mochrie remained steady in the face of the upheaval.","news"
1321,"The move is also against our law.","news"
1322,"Opposition leaders have urged him to call off the visit.","news"
1323,"The same prize was offered for the arrest of Abdul Razak Memon.","news"
1324,"The charges also cover his relations with advertising companies.","news"
1325,"Last week Ballesteros had 16 pars and two birdies in his final round.","news"
1326,"Police and the alleged bank robbers exchanged fire.","news"
1327,"He recently also demanded the resignation of six ministers.","news"
1328,"I think I played three different courses.","news"
1329,"The two leading candidates signed a Civility Pact on Tuesday.","news"
1330,"Deportivo have won nothing in their history.","news"
1331,"I was a bit rusty but I didn't want to miss the elections back home.","news"
1332,"A three-man inquiry team spent months investigating the allegations.","news"
1333,"We're not a lock for the pole.","news"
1334,"The restart was a painful lesson regarding the rules of the race.","news"
1335,"Hence the importannce of the media bidding battle in Britain.","news"
1336,"Mansell has not forgotten what the ovals have meant to him, however.","news"
1337,"The planes had flown in from Dijoubti to Sanaa earlier Thursday.","news"
1338,"We seem to be running in the same time slot more than anybody other.","news"
1339,"An overwhelming majority do agree on the middle policy.","news"
1340,"We don't have any ability to veto their decisions.","news"
1341,"It's all about making the whole story public.","news"
1342,"They spent about two hours at Larnaca airport.","news"
1343,"The single between the two versions is the treatment of foreign banks.","news"
1344,"Els rocketed to his first European Tour victory back.","news"
1345,"But they played down the prospect of a repeat performance.","news"
1346,"I want to finish the rest of the year.","news"
1347,"Clinton said Tuesday he would make an announcement by Thursday.","news"
1348,"Once state owned, Telecom is now half owned by two American companies.","news"
1349,"The advantage is enough for Ford motor racing director Dan Rivard.","news"
1350,"More jobs are to be eliminated this financial year.","news"
1351,"Washington was not moving toward a unilateral lifting of the embargo.","news"
1352,"It's too involved out here on Saturday with everybody qualifying.","news"
1353,"Moreover we have the feeling that we are finally in our own country.","news"
1354,"Clinton on the other hand, had backed a plan to convince Europe.","news"
1355,"The alleged offences occurred before Alan Sugar took control.","news"
1356,"Juntao is in Washington this week  meeting with lawmakers.","news"
1357,"He was very close to achieving his life's goal.","news"
1358,"The administration had no immediate comment on the vote.","news"
1359,"US ships will also lead a second task force.","news"
1360,"I'm still learning about the ovals.","news"
1361,"She chipped in from 69 feet for a birdie at 17.","news"
1362,"They've really caught the fever.","news"
1363,"The film will be shown for the first time.","news"
1364,"Eastwood dominated proceedings with his humour.","news"
1365,"I do not want to repeat.","news"
1366,"This came as a shock to me.","news"
1367,"Leaks have indicated that Clinton has narrowed his choice.","news"
1368,"The important thing is to keep your feet on the ground.","news"
1369,"We want a little May madness of our own.","news"
1370,"He made his mark by campaigning against hospital fraud.","news"
1371,"I will try to make sure I'm in good shape.","news"
1372,"It was possible to a large extent to agree on some kind of approach.","news"
1373,"Russian foreign ministry sources said a ceasefire accord was agreed.","news"
1374,"Southern forces said they had shot down three northern warplanes.","news"
1375,"I bet you it will be a strong motor all day, though.","news"
1376,"Trow said the profit return was very high.","news"
1377,"Ibrahim sent arms and explosives by sea to the Indian west coast.","news"
1378,"They also agreed on using dialogue to settle the issue.","news"
1379,"The event reopens debate on the issue.","news"
1380,"He was recognized in his field as a pioneer.","news"
1381,"He wrote numerous books on human development.","news"
1382,"There is in fact few differences between the candidates.","news"
1383,"You get in traffic and you have dogfights and I forget I'm on an oval.","news"
1384,"History repeated itself last season when Tenerife beat Madrid.","news"
1385,"A bad thing has been turned into a good thing.","news"
1386,"China replaced three ministers on Thursday.","news"
1387,"Many townspeople who had gathered earlier on the main road.","news"
1388,"A report Thursday showed wholesale prices fell 0.1 percent in April.","news"
1389,"The Fed has not taken an official position on the issue.","news"
1390,"Clinton attended the US college basketball finals.","news"
1391,"Most recent surveys put them in a dead heat.","news"
1392,"The law enforcement has responsibility for the safety of the public.","news"
1393,"Parts of the city will be closed to private cars.","news"
1394,"It carries a lot more excitement for the driver.","news"
1395,"Profits were up 28 percent for the first quarter of this year.","news"
1396,"I'm optimistic, yes, but confident, no.","news"
1397,"Sun Jiazheng, 50, takes over as radio, film and television minister.","news"
1398,"Some members of the council refuse to recognize the progress.","news"
1399,"World Cup fans at Stanford Stadium are almost certain to be fenced in.","news"
1400,"I didn't expect them to hand over the sites.","news"
1401,"The prime minister is to meet with several Security Council members.","news"
1402,"A bad thing has been turned into a good thing and.","news"
1403,"There is a 90 percent chance he is going to win.","news"
1404,"Gold fell 1.90 dollars from Wednesday's closing price.","news"
1405,"Provisional constitution will be voted into law by parliament.","news"
1406,"We're here to qualify in the second or third row.","news"
1407,"We know this is a big time at the speedway.","news"
1408,"He beat world number one Greg Norman by six strokes.","news"
1409,"Juppe met with the president at the Oval office.","news"
1410,"I've never been to the speedway, but if they come, I will go there.","news"
1411,"Jiang made the comments in a meeting with Malaysian Prime Minister.","news"
1412,"Montpellier won the Cup at their first attempt.","news"
1413,"It's going to be a tough weekend.","news"
1414,"The reality is there is much less of an advantage than people think.","news"
1415,"Penske doesn't let things sit back and relax.","news"
1416,"I was runner-up three times.","news"
1417,"The official agency SABA said Wednesday 25 civilians had been killed.","news"
1418,"Others voting against represented the defense ministry.","news"
1419,"The matter was still being investigated.","news"
1420,"But it takes time.","news"
1421,"The profit could then go in part to the labour.","news"
1422,"The Senate should approve a 14-year-old treaty.","news"
1423,"On Friday the competition proper gets under way.","news"
1424,"The group is making a pilgrimage to the Catholic shrine of Fatima.","news"
1425,"Baku's forces had for more than 24 hours been engaged in clashes.","news"
1426,"A definitive basic law will be drawn up within a year.","news"
1427,"Vietnam planned to upgrade its current fleet of Soviet aircraft.","news"
1428,"We tried to copy it and it worked for us.","news"
1429,"Our reform and opening programme has forged ahead.","news"
1430,"The first Vietnamese trainee pilots were due to arrive in June.","news"
1431,"We know the engine is capable.","news"
1432,"But he couldn't keep it up, coming home in 38.","news"
1433,"The partial list announcement came.","news"
1434,"I'll be up to nine or 10 by Saturday.","news"
1435,"Another group of policemen was due to be deployed.","news"
1436,"The Mercedes engine takes advantage of extra boost.","news"
1437,"French actress Juliette Binoche declared the festival open.","news"
1438,"I have been very steady and I should have had a much better score.","news"
1439,"Wang urged the international community not to forget the prisoners.","news"
1440,"Emerson Fittipaldi has never had an engine this good.","news"
1441,"There were frequent electricity and water shortages.","news"
1442,"There was no such accord.","news"
1443,"A state supreme court judge is expected to rule on the issue shortly.","news"
1444,"Officials said Thursday that visit would take place on May 26 to 29.","news"
1445,"Add a Star Trek convention and sports memorabilia show to the mix.","news"
1446,"A parliamentary committee will collect the public's comments.","news"
1447,"Binoche welcomed the movie industry to the French riviera.","news"
1448,"The military refuses to leave power and restore democracy by May 21.","news"
1449,"Miller might have to wait until Sunday.","news"
1450,"The spokesman said its role would be to supervise the organisation.","news"
1451,"We only have the power of persuasion.","news"
1452,"The best-of-seven series moves to Indianapolis, Indiana.","news"
1453,"The election will be clean and pure.","news"
1454,"Our forces are ready to come immediately.","news"
1455,"The dollar lost ground against the major currencies.","news"
1456,"Taiwan is to cut tariffs on items.","news"
1457,"He quoted local Yemenis as saying that 43 people had been killed.","news"
1458,"He extended Freudian theory into adolescence and adulthood.","news"
1459,"This has now become the most pressing story in the capital.","news"
1460,"It will also protect the interest of the businessman.","news"
1461,"The reigning Indy-car series champion will be among top contenders.","news"
1462,"On appeal they were finally placed in Division Two.","news"
1463,"This year I can walk and it's so much better.","news"
1464,"The move was a further twist in the long-running dispute.","news"
1465,"Clinton has pressed for a multilateral lifting of the embargo.","news"
1466,"Derivatives are not new.","news"
1467,"The Atlanta Hawks held Indiana to the lowest points total ever.","news"
1468,"The meeting came days after the entry into Chernomyrdin's team.","news"
1469,"Both have also promised higher salaries.","news"
1470,"Indy time trials begin Saturday.","news"
1471,"Rio de Janeiro police freed him after a massive manhunt.","news"
1472,"The evacuees later boarded a British airliner bound for Gatwick.","news"
1473,"But both reports were denied by the southern leadership.","news"
1474,"Song was vice minister of the geology and mineral resources minister.","news"
1475,"The rule was aimed at allowing low-budget teams to be competitive.","news"
1476,"Antonio Guterres sent a message of condolences to Smith's widow.","news"
1477,"Its revenues last year reached 3.2 billion dollars.","news"
1478,"Sports fans here are excited.","news"
1479,"We're working with the speedway.","news"
1480,"I would like to see some of the drivers at our game.","news"
1481,"He was playing only his third event on the European Tour.","news"
1482,"Mr. Rao, go to Washington but go with dignity.","news"
1483,"Foreign insurance firms can file applications to the ministry.","news"
1484,"My only opportunity is if he cracks or something else happens.","news"
1485,"There is still a chance there might be modification in Dallas.","news"
1486,"They play Atlanta here Saturday and Sunday afternoons.","news"
1487,"Japan's first man in space was a journalist.","news"
1488,"Ernie Els was back to his best.","news"
1489,"It's going to be ludicrous.","news"
1490,"We've advised the family how to go about it.","news"
1491,"He could ping the ball 40 yards with the outside of his foot.","news"
1492,"You had to maintain your patience to get the job done.","news"
1493,"As they used to say of Gandhi, he was a mahatma, a great soul.","news"
1494,"That must be a lot in kilometers.","news"
1495,"Some had witnessed the fighting which erupted a week ago.","news"
1496,"It's really just technicalities.","news"
1497,"I got the impression that this is a message for internal use.","news"
1498,"France would not join a US military invasion of Haiti.","news"
1499,"Arkansas called in 32 extra state police to the prison.","news"
1500,"Opening on the back nine she birdied the 11th and bogeyed the next.","news"
1501,"It wasn't an easy day to play.","news"
1502,"The Japanese justice ministry refused Maradona a visa.","news"
1503,"The Fed will continue to have oversight over 38 US banks.","news"
1504,"He was professor emeritus of human development and psychiatry.","news"
1505,"He said Telecom was still in a position of substantial protection.","news"
1506,"The directors see significant prospects for growth.","news"
1507,"Wang said that his release was a miracle.","news"
1508,"It would lessen that anxiety that the officers are faced with.","news"
1509,"But there have been so many changes in plans that I'm not surprised.","news"
1510,"One of his accomplices secured a safe landing.","news"
1511,"I dont think any country wants to step out ahead and take the lead.","news"
1512,"The French diplomat meanwhile reiterated his condemnation.","news"
1513,"1.5 million visitors will flood Atlanta each day of the Olympics.","news"
1514,"I haven't really done any studying for it.","news"
1515,"He said he would resist all the pressure of time deadlines.","news"
1516,"I think I have given the gaffer a decision to make.","news"
1517,"England star Paul Gascoigne was one of the recipients of the loans.","news"
1518,"Purchasing power of US households has been rising.","news"
1519,"Foreigners have now fled the country since fighting erupted.","news"
1520,"Public order will be maintained firmly and energetically.","news"
1521,"I haven't adapted really.","news"
1522,"Iraq is particularly keen on getting rid of the oil embargo.","news"
1523,"Lance and I have the same chance to win.","news"
1524,"As soon as anyone does that they can get nailed.","news"
1525,"He cannot be in two places at once.","news"
